Date,"( Guekedou, Macenta and Kissidougou","( Guekedou, Macenta,Kissidougou,Lofa,Kankan and Conakry)",Beyla,Boffa,Conakry,Coyah,Dabola,Dabola and Djingaraye,Dalaba,Dinguiraye,Dubreka,Faranah,Forécariah,Fria,Gueckedou,"Guekedou, Macenta, Nzerekore and Kissidougou",Kankan,Kerouane,Kindia,Kissidougou,Kouroussa,Lola,Macenta,Mali,National,Nzerekore,Pita,Siguiri,Telimele,Tougué,Yomou
2014-03-24,,,,,,,,,,,,,,,,59.0,,,,,,,,,,,,,,,
2014-03-25,60.0,,,,,,,,,,,,,,,,,,,,,,,,,,,,,,
2014-03-26,62.0,,,,,,,,,,,,,,,,,,,,,,,,,,,,,,
2014-03-27,66.0,,,,,,,,,,,,,,,,,,,,,,,,,,,,,,
2014-03-28,,70.0,,,,,,,,,,,,,,,,,,,,,,,,,,,,,
2014-03-31,,,,,,,,,,,,,,,,,,,,,,,,,80.0,,,,,,
2014-04-01,,,,,,,,,,,,,,,,,,,,,,,,,83.0,,,,,,
2014-04-04,,,,,5.0,,,3.0,,,,,,,59.0,,,,,5.0,,,14.0,,86.0,,,,,,
2014-04-07,,,,,6.0,,3.0,,,1.0,,,,,63.0,,,,,6.0,,,16.0,,95.0,,,,,,
2014-04-10,,,,,,,,,,,,,,,,,,,,,,,,,101.0,,,,,,
2014-04-11,,,,,,,,,,,,,,,,,,,,,,,,,106.0,,,,,,
2014-04-14,,,,,,,,,,,,,,,,,,,,,,,,,108.0,,,,,,
2014-04-16,,,,,16.0,,4.0,,,1.0,,,,,80.0,,,,,5.0,,,16.0,,122.0,,,,,,
2014-04-17,,,,,20.0,,4.0,,,1.0,,,,,83.0,,,,,5.0,,,16.0,,129.0,,,,,,
2014-04-20,,,,,23.0,,4.0,,,1.0,,,,,87.0,,,,,5.0,,,16.0,,136.0,,,,,,
2014-04-23,,,,,24.0,,4.0,,,1.0,,,,,91.0,,,,,5.0,,,16.0,,141.0,,,,,,
2014-04-26,,,,,24.0,,4.0,,,1.0,,,,,93.0,,,,,5.0,,,16.0,,143.0,,,,,,
2014-05-01,,,,,24.0,,4.0,,,1.0,,,,,99.0,,,,,5.0,,,16.0,,149.0,,,,,,
2014-05-03,,,,,24.0,,4.0,,,1.0,,,,,105.0,,,,,5.0,,,16.0,,155.0,,,,,,
2014-05-05,,,,,24.0,,4.0,,,1.0,,,,,107.0,,,,,5.0,,,16.0,,157.0,,,,,,
2014-05-07,,,,,24.0,,4.0,,,1.0,,,,,108.0,,,,,5.0,,,16.0,,158.0,,,,,,
2014-05-10,,,,,24.0,,4.0,,,1.0,,,,,106.0,,,,,5.0,,,17.0,,157.0,,,,,,
2014-05-12,,,,,24.0,,4.0,,,4.0,,,,,119.0,,,,,6.0,,,17.0,,171.0,,,,,,
2014-05-23,,,,,25.0,,4.0,,,1.0,,,,,121.0,,,,,6.0,,,17.0,,174.0,,,,,,
2014-05-28,,,,,27.0,,4.0,,,1.0,,,,,133.0,,,,,5.0,,,23.0,,193.0,,,,,,
2014-06-01,,,,2.0,27.0,,4.0,,,1.0,,,,,140.0,,,,,5.0,,,24.0,,193.0,,,,5.0,,
2014-06-03,,,,4.0,27.0,,4.0,,,1.0,,,,,143.0,,,,,5.0,,,26.0,,215.0,,,,5.0,,
2014-06-05,,,,6.0,29.0,,4.0,,,1.0,,,,,146.0,,,,,5.0,1.0,,27.0,,226.0,,,,7.0,,
2014-06-16,,,,10.0,33.0,,4.0,,,1.0,,,,,173.0,,,,,5.0,1.0,,28.0,,264.0,,,,9.0,,
2014-06-18,,,,12.0,33.0,,4.0,,,1.0,,,,,173.0,,,,,5.0,1.0,,28.0,,267.0,,,,10.0,,
2014-06-20,,,,12.0,33.0,,4.0,,,1.0,,,,,177.0,,,,,5.0,1.0,,28.0,,270.0,,,,9.0,,
2014-06-27,,,,15.0,33.0,,4.0,,,1.0,,,,,194.0,,,,,5.0,3.0,,28.0,,293.0,,,,10.0,,
2014-06-30,,,,,,,,,,,,,,,,,,,,,,,,,303.0,,,,,,
2014-07-02,,,,,,,,,,,,,,,,,,,,,,,,,305.0,,,,,,
2014-07-06,,,,,,,,,,,,,,,,,,,,,,,,,307.0,,,,,,
2014-07-08,,,,,,,,,,,,,,,,,,,,,,,,,309.0,,,,,,
2014-07-12,,,,,,,,,,,,,,,,,,,,,,,,,304.0,,,,,,
2014-07-14,,,,,,,,,,,,,,,,,,,,,,,,,310.0,,,,,,
2014-07-17,,,,,,,,,,,,,,,,,,,,,,,,,310.0,,,,,,
2014-07-20,,,,,,,,,,,,,,,,,,,,,,,,,314.0,,,,,,
2014-07-23,,,,,,,,,,,,,,,,,,,,,,,,,319.0,,,,,,
2014-07-27,,,,,,,,,,,,,,,,,,,,,,,,,339.0,,,,,,
2014-08-01,,,,,,,,,,,,,,,,,,,,,,,,,358.0,,,,,,
2014-08-04,,,,,,,,,,,,,,,,,,,,,,,,,363.0,,,,,,
2014-08-06,,,,,,,,,,,,,,,,,,,,,,,,,367.0,,,,,,
2014-08-09,,,,,,,,,,,,,,,,,,,,,,,,,373.0,,,,,,
2014-08-14,,,,16.0,43.0,,4.0,,,1.0,1.0,,,,255.0,,,,,5.0,4.0,,30.0,,380.0,3.0,3.0,3.0,10.0,,2.0
2014-08-16,,,,16.0,45.0,,4.0,,,1.0,1.0,,,,263.0,,,,,5.0,4.0,,32.0,,394.0,3.0,3.0,3.0,10.0,,2.0
2014-08-19,,,,16.0,45.0,,4.0,,,1.0,1.0,,,,265.0,,,,,5.0,4.0,,37.0,,400.0,3.0,3.0,3.0,10.0,,2.0
2014-08-23,,,,16.0,48.0,,4.0,,,1.0,1.0,,,,267.0,,,,,5.0,4.0,,53.0,,423.0,6.0,3.0,3.0,10.0,,2.0
2014-08-25,,,,16.0,48.0,,4.0,,,1.0,1.0,,,,267.0,,,,,5.0,4.0,,60.0,,430.0,6.0,3.0,3.0,10.0,,2.0
2014-08-26,,,,16.0,48.0,,4.0,,,1.0,1.0,,,,267.0,,,,,5.0,4.0,,63.0,,435.0,6.0,3.0,3.0,10.0,,4.0
2014-08-27,,,,16.0,49.0,,4.0,,,1.0,1.0,,,,268.0,,,,,6.0,4.0,,64.0,,438.0,6.0,3.0,3.0,10.0,,3.0
2014-08-28,,,,16.0,53.0,,4.0,,,1.0,1.0,,2.0,,270.0,,,,,6.0,4.0,,78.0,,460.0,6.0,3.0,3.0,10.0,,3.0
2014-08-29,,,,16.0,55.0,,4.0,,,1.0,2.0,,3.0,,271.0,,,,,6.0,4.0,,80.0,,468.0,6.0,4.0,3.0,10.0,,3.0
2014-08-30,,,,16.0,55.0,,4.0,,,1.0,3.0,,3.0,,279.0,,,,,6.0,4.0,,92.0,,489.0,6.0,4.0,3.0,10.0,,3.0
2014-08-31,,,,16.0,56.0,,4.0,,,1.0,3.0,,3.0,,280.0,,,,,6.0,4.0,,95.0,,494.0,6.0,4.0,3.0,10.0,,3.0
2014-09-01,,,,16.0,56.0,,4.0,,,1.0,3.0,,3.0,,283.0,,,,,6.0,4.0,,99.0,,501.0,6.0,3.0,3.0,10.0,,4.0
2014-09-02,,,,16.0,57.0,,4.0,,,1.0,4.0,,4.0,,284.0,,,,,6.0,4.0,,111.0,,517.0,6.0,3.0,3.0,10.0,,4.0
2014-09-03,,,,16.0,57.0,,4.0,,,1.0,4.0,,4.0,,284.0,,,,,6.0,4.0,,116.0,,522.0,6.0,3.0,3.0,10.0,,4.0
2014-09-04,,,,16.0,57.0,1.0,4.0,,,1.0,4.0,,4.0,,286.0,,,1.0,,6.0,4.0,,124.0,,534.0,6.0,3.0,3.0,10.0,,4.0
2014-09-05,,,,16.0,57.0,2.0,4.0,,,1.0,4.0,,4.0,,286.0,,,1.0,,6.0,4.0,,139.0,,551.0,6.0,3.0,3.0,10.0,,5.0
2014-09-06,,,,16.0,57.0,2.0,4.0,,,1.0,4.0,,4.0,,288.0,,,1.0,,6.0,4.0,,141.0,,555.0,6.0,3.0,3.0,10.0,,5.0
2014-09-07,,,,16.0,57.0,2.0,4.0,,,1.0,4.0,,4.0,,289.0,,,1.0,,6.0,4.0,,142.0,,557.0,6.0,3.0,3.0,10.0,,5.0
2014-09-09,,,,16.0,57.0,2.0,4.0,,,1.0,4.0,,4.0,,292.0,,,1.0,,6.0,4.0,,148.0,,568.0,8.0,3.0,3.0,10.0,,5.0
2014-09-10,,,,16.0,57.0,2.0,4.0,,,1.0,4.0,,4.0,,292.0,,,1.0,,6.0,4.0,,148.0,,568.0,8.0,3.0,3.0,10.0,,5.0
2014-09-11,,,,16.0,57.0,2.0,4.0,,,1.0,4.0,,4.0,,292.0,,,1.0,,6.0,4.0,,151.0,,571.0,8.0,3.0,3.0,10.0,,5.0
2014-09-12,,,,16.0,57.0,2.0,4.0,,,1.0,4.0,,5.0,,292.0,,,2.0,,6.0,4.0,,155.0,,577.0,8.0,3.0,3.0,10.0,,5.0
2014-09-13,,,,16.0,59.0,4.0,4.0,,,1.0,4.0,,5.0,,292.0,,,2.0,,6.0,4.0,,156.0,,595.0,21.0,3.0,3.0,10.0,,5.0
2014-09-14,,,,16.0,60.0,4.0,4.0,,,1.0,4.0,,5.0,,292.0,,,3.0,,6.0,4.0,,160.0,,601.0,21.0,3.0,3.0,10.0,,5.0
2014-09-16,,,,16.0,61.0,4.0,4.0,,,1.0,4.0,,5.0,,293.0,,,3.0,,7.0,4.0,,165.0,,608.0,20.0,3.0,3.0,10.0,,5.0
2014-09-17,,,,16.0,68.0,5.0,4.0,,,1.0,7.0,,7.0,,293.0,,,3.0,,7.0,4.0,,167.0,,623.0,20.0,3.0,3.0,10.0,,5.0
2014-09-19,,,,16.0,68.0,5.0,4.0,,,1.0,7.0,,7.0,,295.0,,,5.0,,7.0,4.0,,172.0,,632.0,20.0,3.0,3.0,10.0,,5.0
2014-09-20,,,,16.0,68.0,5.0,4.0,,,1.0,7.0,,7.0,,295.0,,,5.0,,7.0,4.0,,172.0,,632.0,20.0,3.0,3.0,10.0,,5.0
2014-09-21,,,,16.0,68.0,5.0,4.0,,,1.0,7.0,,7.0,,295.0,,,5.0,,7.0,4.0,,175.0,,635.0,20.0,3.0,3.0,10.0,,5.0
2014-09-22,,,,16.0,71.0,5.0,4.0,,,1.0,7.0,,7.0,,295.0,,,5.0,,7.0,4.0,,180.0,,643.0,20.0,3.0,3.0,10.0,,5.0
2014-09-23,,,,16.0,72.0,5.0,4.0,,,1.0,7.0,,7.0,,296.0,,,5.0,,7.0,4.0,,182.0,,648.0,21.0,3.0,3.0,10.0,,5.0
2014-09-25,,,,16.0,73.0,5.0,4.0,,,1.0,7.0,,9.0,,297.0,,,5.0,,7.0,4.0,,193.0,,668.0,26.0,3.0,3.0,10.0,,5.0
2014-09-28,,,1.0,16.0,75.0,5.0,4.0,,,1.0,7.0,,9.0,,299.0,,,5.0,,7.0,4.0,,228.0,,710.0,28.0,3.0,3.0,10.0,,5.0
2014-09-29,,,1.0,16.0,76.0,5.0,4.0,,,1.0,7.0,,9.0,,300.0,,,5.0,,7.0,4.0,,229.0,,714.0,29.0,3.0,3.0,10.0,,5.0
2014-09-30,,,1.0,16.0,78.0,5.0,4.0,,,1.0,7.0,,9.0,,301.0,,,5.0,,7.0,4.0,2.0,231.0,,722.0,30.0,3.0,3.0,10.0,,5.0
2014-10-01,,,1.0,16.0,78.0,5.0,4.0,,,1.0,7.0,,9.0,,301.0,,,5.0,,7.0,4.0,2.0,246.0,,739.0,32.0,3.0,3.0,10.0,,5.0
2014-10-07,,,2.0,16.0,85.0,5.0,4.0,,,1.0,7.0,,9.0,,301.0,,,7.0,,8.0,4.0,2.0,270.0,,778.0,36.0,3.0,3.0,10.0,,5.0
2014-10-08,,,2.0,16.0,84.0,5.0,5.0,,1.0,1.0,7.0,,9.0,,301.0,,,7.0,,7.0,4.0,2.0,278.0,,789.0,39.0,3.0,3.0,10.0,,5.0
2014-10-09,,,2.0,16.0,85.0,7.0,5.0,,2.0,1.0,7.0,,9.0,,302.0,,,9.0,,8.0,4.0,2.0,286.0,,808.0,42.0,3.0,3.0,10.0,,5.0
2014-10-10,,,2.0,16.0,85.0,7.0,5.0,,2.0,1.0,7.0,,9.0,,302.0,,,10.0,,8.0,4.0,2.0,290.0,,813.0,42.0,3.0,3.0,10.0,,5.0
2014-10-11,,,3.0,16.0,86.0,9.0,5.0,,2.0,1.0,7.0,,9.0,,302.0,,,10.0,,9.0,4.0,2.0,293.0,,831.0,52.0,3.0,3.0,10.0,,5.0
2014-10-12,,,3.0,16.0,88.0,13.0,5.0,,2.0,1.0,7.0,,9.0,,302.0,,,11.0,,9.0,4.0,3.0,295.0,,843.0,54.0,3.0,3.0,10.0,,5.0
2014-10-13,,,3.0,16.0,90.0,13.0,5.0,,2.0,1.0,7.0,,10.0,,302.0,,,11.0,,9.0,4.0,3.0,298.0,,850.0,54.0,4.0,3.0,10.0,,5.0
2014-10-14,,,4.0,16.0,91.0,14.0,5.0,,2.0,1.0,7.0,1.0,10.0,,304.0,,,11.0,,9.0,4.0,3.0,304.0,,862.0,54.0,4.0,3.0,10.0,,5.0
2014-10-15,,,5.0,16.0,91.0,15.0,5.0,,2.0,1.0,7.0,1.0,10.0,,304.0,,,13.0,,9.0,4.0,5.0,306.0,,876.0,60.0,4.0,3.0,10.0,,5.0
2014-10-16,,,5.0,16.0,91.0,15.0,5.0,,2.0,1.0,7.0,1.0,10.0,,304.0,,,15.0,,9.0,4.0,5.0,309.0,,883.0,62.0,4.0,3.0,10.0,,5.0
2014-10-17,,,5.0,16.0,91.0,15.0,5.0,,2.0,1.0,7.0,1.0,10.0,,304.0,,,15.0,,9.0,4.0,5.0,310.0,,886.0,64.0,4.0,3.0,10.0,,5.0
2014-10-18,,,6.0,16.0,93.0,17.0,5.0,,2.0,1.0,7.0,1.0,10.0,,304.0,,,16.0,,9.0,4.0,5.0,313.0,,901.0,70.0,4.0,3.0,10.0,,5.0
2014-10-19,,,,,,,,,,,,,,,,,,,,,,,,,904.0,,,,,,
2014-10-20,,,,,,,,,,,,,,,,,,,,,,,,,916.0,,,,,,
2014-10-21,,,8.0,16.0,94.0,21.0,5.0,,2.0,1.0,7.0,1.0,11.0,,304.0,,,23.0,,9.0,4.0,5.0,322.0,,926.0,70.0,4.0,3.0,10.0,,6.0
2014-10-22,,,8.0,16.0,95.0,21.0,5.0,,2.0,1.0,7.0,1.0,11.0,,305.0,,,24.0,,9.0,4.0,5.0,325.0,,941.0,79.0,4.0,3.0,10.0,,6.0
2014-10-23,,,8.0,16.0,95.0,21.0,5.0,,2.0,1.0,7.0,1.0,12.0,,305.0,,,28.0,,9.0,4.0,6.0,329.0,,952.0,79.0,4.0,4.0,10.0,,6.0
2014-10-24,,,10.0,16.0,95.0,21.0,5.0,,2.0,1.0,7.0,1.0,12.0,,306.0,,,29.0,,9.0,4.0,9.0,343.0,,981.0,87.0,4.0,4.0,10.0,,6.0
2014-10-25,,,12.0,16.0,97.0,21.0,5.0,,2.0,1.0,7.0,1.0,12.0,,307.0,,,31.0,,9.0,4.0,9.0,345.0,,988.0,85.0,4.0,4.0,10.0,,6.0
2014-10-26,,,12.0,16.0,97.0,21.0,5.0,,2.0,1.0,7.0,1.0,12.0,,307.0,,,31.0,,9.0,4.0,10.0,346.0,,994.0,89.0,4.0,4.0,10.0,,6.0
2014-10-27,,,12.0,16.0,97.0,21.0,5.0,,2.0,1.0,7.0,1.0,12.0,,307.0,,,31.0,,9.0,4.0,10.0,351.0,,1000.0,90.0,4.0,4.0,10.0,,6.0
2014-10-28,,,12.0,16.0,97.0,21.0,5.0,,2.0,1.0,7.0,1.0,12.0,,307.0,,,39.0,,9.0,4.0,10.0,353.0,,1014.0,93.0,4.0,5.0,10.0,,6.0
2014-10-29,,,13.0,16.0,97.0,22.0,5.0,,2.0,1.0,7.0,1.0,12.0,,306.0,,,39.0,,9.0,4.0,10.0,354.0,,1018.0,95.0,4.0,5.0,10.0,,6.0
2014-10-30,,,13.0,16.0,98.0,22.0,5.0,,2.0,1.0,7.0,1.0,12.0,,306.0,,,41.0,,9.0,4.0,11.0,355.0,,1022.0,94.0,4.0,5.0,10.0,,6.0
2014-10-31,,,13.0,16.0,99.0,22.0,5.0,,2.0,1.0,7.0,1.0,13.0,,306.0,,,41.0,,9.0,4.0,11.0,355.0,,1025.0,95.0,4.0,5.0,10.0,,6.0
2014-11-01,,,13.0,16.0,100.0,22.0,5.0,,2.0,1.0,7.0,1.0,13.0,,306.0,,,41.0,1.0,9.0,4.0,11.0,358.0,,1031.0,96.0,4.0,5.0,10.0,,6.0
2014-11-02,,,13.0,16.0,102.0,23.0,5.0,,2.0,1.0,7.0,1.0,13.0,,306.0,,,41.0,2.0,9.0,5.0,11.0,361.0,,1041.0,98.0,4.0,5.0,10.0,,6.0
2014-11-03,,,13.0,16.0,102.0,24.0,5.0,,2.0,1.0,8.0,1.0,13.0,,306.0,,,42.0,2.0,9.0,5.0,11.0,370.0,,1054.0,99.0,4.0,5.0,10.0,,6.0
2014-11-04,,,13.0,16.0,102.0,25.0,5.0,,2.0,1.0,8.0,1.0,13.0,,306.0,,,42.0,2.0,9.0,5.0,11.0,371.0,,1060.0,103.0,4.0,5.0,10.0,,6.0
2014-11-05,,,13.0,16.0,103.0,26.0,5.0,,2.0,1.0,8.0,1.0,13.0,,306.0,,,43.0,2.0,9.0,5.0,11.0,374.0,,1068.0,105.0,4.0,5.0,10.0,,6.0
2014-11-06,,,13.0,16.0,104.0,27.0,5.0,,2.0,1.0,8.0,1.0,14.0,,306.0,,,45.0,2.0,9.0,5.0,11.0,379.0,,1087.0,112.0,4.0,7.0,10.0,,6.0
2014-11-07,,,13.0,16.0,104.0,27.0,5.0,,2.0,1.0,8.0,2.0,14.0,,307.0,,,47.0,2.0,9.0,5.0,11.0,384.0,,1096.0,112.0,4.0,7.0,10.0,,6.0
2014-11-08,,,,,,,,,,,,,,,,,,,,,,,,,1104.0,,,,,,
2014-11-09,,,,,,,,,,,,,,,,,,,,,,,,,1142.0,,,,,,
2014-11-10,,,18.0,16.0,108.0,31.0,5.0,,2.0,1.0,8.0,8.0,14.0,,307.0,,1.0,68.0,2.0,9.0,5.0,11.0,394.0,,1156.0,121.0,4.0,7.0,10.0,,6.0
2014-11-11,,,19.0,16.0,108.0,32.0,5.0,,2.0,1.0,8.0,9.0,14.0,,308.0,,1.0,68.0,2.0,9.0,5.0,12.0,396.0,,1166.0,124.0,4.0,7.0,10.0,,6.0
2014-11-12,,,19.0,16.0,109.0,32.0,5.0,,2.0,1.0,8.0,11.0,14.0,,308.0,,1.0,69.0,2.0,9.0,5.0,12.0,399.0,,1174.0,125.0,4.0,7.0,10.0,,6.0
2014-11-13,,,19.0,16.0,110.0,33.0,5.0,,2.0,1.0,8.0,12.0,14.0,,308.0,,1.0,69.0,2.0,9.0,5.0,12.0,399.0,,1178.0,126.0,4.0,7.0,10.0,,6.0
2014-11-14,,,20.0,16.0,111.0,33.0,5.0,,2.0,1.0,8.0,12.0,14.0,,309.0,,1.0,70.0,2.0,9.0,5.0,12.0,399.0,,1185.0,128.0,4.0,8.0,10.0,,6.0
2014-11-15,,,20.0,16.0,112.0,33.0,5.0,,2.0,1.0,8.0,12.0,14.0,,309.0,,1.0,70.0,2.0,9.0,5.0,12.0,402.0,,1189.0,129.0,4.0,7.0,10.0,,6.0
2014-11-17,,,20.0,16.0,111.0,33.0,5.0,,2.0,1.0,8.0,13.0,14.0,,309.0,,1.0,71.0,2.0,9.0,7.0,12.0,404.0,,1200.0,134.0,4.0,8.0,10.0,,6.0
2014-11-18,,,20.0,16.0,111.0,34.0,5.0,,2.0,1.0,8.0,14.0,14.0,,309.0,,1.0,75.0,2.0,9.0,7.0,12.0,407.0,,1214.0,139.0,4.0,8.0,10.0,,6.0
2014-11-19,,,20.0,18.0,112.0,35.0,5.0,,2.0,1.0,8.0,15.0,15.0,,309.0,,2.0,76.0,3.0,9.0,7.0,12.0,407.0,,1224.0,140.0,4.0,8.0,10.0,,6.0
2014-11-20,,,21.0,18.0,112.0,35.0,5.0,,2.0,1.0,8.0,16.0,15.0,,310.0,,2.0,76.0,3.0,9.0,10.0,12.0,411.0,,1235.0,141.0,4.0,8.0,10.0,,6.0
2014-11-21,,,22.0,18.0,113.0,35.0,5.0,,2.0,1.0,9.0,16.0,15.0,,310.0,,2.0,76.0,4.0,10.0,10.0,12.0,413.0,,1243.0,142.0,4.0,8.0,10.0,,6.0
2014-11-22,,,22.0,18.0,113.0,35.0,5.0,,2.0,1.0,9.0,17.0,15.0,,310.0,,2.0,78.0,6.0,10.0,11.0,12.0,414.0,,1250.0,142.0,4.0,8.0,10.0,,6.0
2014-11-23,,,24.0,18.0,114.0,35.0,5.0,,2.0,1.0,9.0,19.0,15.0,,310.0,,3.0,78.0,7.0,11.0,11.0,12.0,414.0,,1260.0,144.0,4.0,8.0,10.0,,6.0
2014-11-24,,,24.0,18.0,114.0,37.0,5.0,,2.0,1.0,9.0,19.0,15.0,,310.0,,3.0,78.0,10.0,12.0,11.0,12.0,413.0,,1268.0,146.0,4.0,9.0,10.0,,6.0
2014-11-25,,,24.0,18.0,115.0,41.0,6.0,,2.0,1.0,9.0,20.0,15.0,,310.0,,5.0,78.0,11.0,12.0,12.0,12.0,418.0,,1284.0,146.0,4.0,9.0,10.0,,6.0
2014-11-26,,,24.0,18.0,115.0,43.0,6.0,,2.0,1.0,10.0,21.0,15.0,,310.0,,5.0,78.0,11.0,13.0,12.0,13.0,420.0,,1294.0,147.0,4.0,10.0,10.0,,6.0
2014-11-27,,,24.0,18.0,117.0,43.0,6.0,,2.0,1.0,10.0,21.0,15.0,,310.0,,6.0,80.0,11.0,13.0,12.0,14.0,422.0,,1305.0,150.0,4.0,10.0,10.0,,6.0
2014-11-28,,,24.0,18.0,121.0,45.0,6.0,,2.0,1.0,10.0,21.0,15.0,,311.0,,7.0,80.0,11.0,13.0,12.0,14.0,422.0,,1312.0,149.0,4.0,10.0,10.0,,6.0
2014-11-29,,,24.0,18.0,121.0,46.0,7.0,,2.0,1.0,11.0,21.0,15.0,,311.0,,8.0,82.0,11.0,14.0,12.0,14.0,423.0,,1322.0,151.0,4.0,10.0,10.0,,6.0
2014-11-30,,,24.0,18.0,121.0,47.0,7.0,,2.0,1.0,12.0,22.0,15.0,,311.0,,8.0,82.0,11.0,15.0,12.0,14.0,423.0,,1327.0,153.0,4.0,10.0,10.0,,5.0
2014-12-02,,,24.0,18.0,122.0,50.0,7.0,,2.0,1.0,14.0,23.0,15.0,,311.0,,9.0,83.0,12.0,15.0,12.0,19.0,428.0,,1349.0,155.0,4.0,10.0,10.0,,5.0
2014-12-03,,,24.0,18.0,123.0,51.0,7.0,,2.0,1.0,15.0,28.0,15.0,,311.0,,9.0,83.0,12.0,16.0,12.0,19.0,430.0,,1366.0,161.0,4.0,10.0,10.0,,5.0
2014-12-04,,,24.0,18.0,125.0,51.0,7.0,,2.0,1.0,15.0,30.0,15.0,,311.0,,10.0,85.0,12.0,16.0,12.0,20.0,445.0,,1392.0,162.0,4.0,12.0,10.0,,5.0
2014-12-05,,,24.0,18.0,126.0,51.0,7.0,,2.0,1.0,15.0,32.0,15.0,,311.0,,10.0,85.0,12.0,16.0,12.0,21.0,454.0,,1407.0,162.0,4.0,14.0,10.0,,5.0
2014-12-06,,,24.0,18.0,126.0,51.0,7.0,,2.0,1.0,15.0,34.0,15.0,,311.0,,10.0,85.0,13.0,16.0,12.0,21.0,456.0,,1412.0,162.0,4.0,14.0,10.0,,5.0
2014-12-07,,,24.0,18.0,128.0,52.0,7.0,,2.0,1.0,16.0,34.0,16.0,,311.0,,13.0,85.0,13.0,17.0,12.0,22.0,460.0,,1428.0,163.0,4.0,14.0,11.0,,5.0
2014-12-09,,,24.0,18.0,131.0,55.0,7.0,,2.0,1.0,16.0,39.0,17.0,,312.0,,12.0,86.0,14.0,18.0,12.0,24.0,464.0,,1454.0,163.0,4.0,18.0,12.0,,5.0
2014-12-13,,,24.0,18.0,140.0,61.0,9.0,,2.0,1.0,17.0,46.0,21.0,,312.0,,15.0,87.0,35.0,18.0,12.0,24.0,470.0,,1518.0,167.0,4.0,18.0,12.0,,5.0
2014-12-15,,,25.0,18.0,143.0,62.0,9.0,,2.0,1.0,18.0,46.0,24.0,,313.0,,15.0,88.0,36.0,19.0,12.0,25.0,476.0,,1540.0,168.0,4.0,18.0,13.0,,5.0
2014-12-16,,,25.0,18.0,145.0,65.0,9.0,,2.0,1.0,18.0,46.0,25.0,1.0,313.0,,15.0,88.0,36.0,19.0,12.0,25.0,477.0,,1550.0,169.0,4.0,18.0,14.0,,5.0
2014-12-17,,,25.0,18.0,148.0,65.0,9.0,,2.0,1.0,18.0,46.0,25.0,1.0,313.0,,15.0,90.0,36.0,19.0,12.0,25.0,477.0,,1556.0,170.0,4.0,18.0,14.0,,5.0
2014-12-18,,,25.0,18.0,150.0,65.0,9.0,,2.0,1.0,18.0,46.0,25.0,,313.0,,15.0,90.0,39.0,20.0,12.0,25.0,477.0,,1562.0,171.0,4.0,18.0,14.0,,5.0
2014-12-19,,,25.0,18.0,152.0,65.0,10.0,,2.0,1.0,19.0,46.0,26.0,,313.0,,15.0,91.0,39.0,32.0,12.0,25.0,477.0,,1582.0,173.0,4.0,18.0,14.0,,5.0
2014-12-20,,,25.0,18.0,152.0,65.0,10.0,,2.0,1.0,19.0,46.0,26.0,,313.0,,15.0,91.0,39.0,33.0,12.0,26.0,478.0,,1586.0,174.0,4.0,18.0,14.0,,5.0
2014-12-21,,,25.0,18.0,153.0,67.0,10.0,,2.0,1.0,19.0,46.0,26.0,,313.0,,15.0,91.0,41.0,46.0,12.0,26.0,480.0,,1607.0,174.0,4.0,18.0,15.0,,5.0
2014-12-22,,,26.0,18.0,157.0,74.0,10.0,,2.0,1.0,21.0,46.0,28.0,,314.0,,16.0,89.0,42.0,49.0,12.0,28.0,483.0,,1630.0,172.0,4.0,18.0,15.0,,5.0
2014-12-23,,,26.0,18.0,161.0,73.0,10.0,,2.0,1.0,26.0,47.0,28.0,,314.0,,16.0,92.0,43.0,50.0,12.0,29.0,483.0,,1645.0,172.0,4.0,18.0,15.0,,5.0
2014-12-24,,,26.0,18.0,162.0,75.0,10.0,,2.0,1.0,26.0,49.0,28.0,,314.0,,16.0,92.0,44.0,51.0,12.0,29.0,484.0,,1654.0,173.0,4.0,18.0,15.0,,5.0
2014-12-25,,,26.0,18.0,163.0,77.0,10.0,,2.0,1.0,26.0,49.0,28.0,,314.0,,16.0,96.0,45.0,56.0,12.0,29.0,494.0,,1679.0,175.0,4.0,18.0,15.0,,5.0
2014-12-26,,,26.0,18.0,165.0,81.0,10.0,,2.0,1.0,28.0,49.0,28.0,,315.0,,16.0,96.0,46.0,59.0,12.0,29.0,494.0,,1692.0,175.0,4.0,18.0,15.0,,5.0
2014-12-27,,,26.0,18.0,165.0,81.0,10.0,,2.0,1.0,28.0,49.0,28.0,,315.0,,17.0,96.0,47.0,60.0,12.0,29.0,494.0,,1697.0,175.0,4.0,19.0,16.0,,5.0
2014-12-28,,,26.0,18.0,168.0,81.0,10.0,,2.0,1.0,28.0,49.0,29.0,,315.0,,17.0,97.0,49.0,61.0,12.0,31.0,494.0,,1708.0,175.0,4.0,19.0,17.0,,5.0
2014-12-29,,,26.0,18.0,168.0,81.0,10.0,,2.0,1.0,28.0,49.0,29.0,,316.0,,17.0,98.0,50.0,64.0,12.0,32.0,496.0,,1717.0,175.0,4.0,19.0,17.0,,5.0
2014-12-30,,,26.0,18.0,169.0,83.0,10.0,,2.0,1.0,30.0,49.0,29.0,,315.0,,17.0,98.0,51.0,64.0,12.0,35.0,500.0,,1730.0,175.0,4.0,19.0,18.0,,5.0
2014-12-31,,,26.0,18.0,168.0,83.0,11.0,,2.0,1.0,33.0,49.0,29.0,,315.0,,17.0,98.0,54.0,65.0,12.0,36.0,500.0,,1738.0,175.0,4.0,19.0,18.0,,5.0
2015-01-01,,,26.0,18.0,177.0,83.0,11.0,,2.0,1.0,35.0,49.0,29.0,,315.0,,17.0,98.0,57.0,68.0,12.0,38.0,500.0,,1759.0,175.0,4.0,19.0,20.0,,5.0
2015-01-02,,,26.0,18.0,177.0,83.0,11.0,,2.0,1.0,37.0,49.0,29.0,,315.0,,18.0,98.0,57.0,68.0,12.0,40.0,500.0,,1765.0,176.0,4.0,19.0,20.0,,5.0
2015-01-03,,,26.0,18.0,178.0,83.0,11.0,,2.0,1.0,37.0,49.0,29.0,,315.0,,18.0,98.0,57.0,69.0,12.0,40.0,500.0,,1767.0,176.0,4.0,19.0,20.0,,5.0
2015-01-04,,,26.0,18.0,182.0,83.0,11.0,,2.0,1.0,40.0,49.0,29.0,2.0,315.0,,18.0,98.0,59.0,70.0,12.0,40.0,500.0,,1781.0,178.0,4.0,19.0,20.0,,5.0
2015-01-05,,,26.0,18.0,184.0,86.0,11.0,,2.0,1.0,40.0,49.0,29.0,2.0,315.0,,18.0,98.0,59.0,70.0,12.0,40.0,500.0,,1786.0,178.0,4.0,19.0,20.0,,5.0
2015-01-07,,,26.0,18.0,188.0,87.0,11.0,,2.0,1.0,41.0,49.0,31.0,2.0,315.0,,19.0,98.0,59.0,71.0,12.0,40.0,500.0,,1797.0,179.0,4.0,19.0,20.0,,5.0
2015-01-08,,,26.0,18.0,190.0,87.0,11.0,,2.0,1.0,41.0,50.0,31.0,2.0,315.0,,18.0,98.0,61.0,71.0,13.0,40.0,500.0,,1802.0,179.0,4.0,19.0,20.0,,5.0
2015-01-09,,,26.0,18.0,192.0,87.0,11.0,,2.0,1.0,41.0,51.0,32.0,2.0,315.0,,18.0,98.0,61.0,71.0,13.0,41.0,500.0,,1805.0,177.0,4.0,19.0,20.0,,5.0
2015-01-10,,,26.0,18.0,193.0,88.0,11.0,,2.0,1.0,41.0,51.0,32.0,2.0,315.0,,18.0,98.0,61.0,71.0,13.0,41.0,500.0,,1807.0,177.0,4.0,19.0,20.0,,5.0
2015-01-11,,,26.0,18.0,195.0,88.0,11.0,,2.0,1.0,41.0,52.0,34.0,2.0,315.0,,19.0,98.0,61.0,72.0,13.0,41.0,500.0,,1814.0,177.0,4.0,19.0,20.0,,5.0
2015-01-13,,,26.0,18.0,200.0,90.0,11.0,,2.0,1.0,45.0,52.0,36.0,2.0,315.0,,19.0,98.0,62.0,72.0,13.0,41.0,500.0,,1829.0,178.0,4.0,19.0,20.0,,5.0
2015-01-14,,,26.0,18.0,200.0,90.0,11.0,,2.0,1.0,45.0,52.0,36.0,2.0,315.0,,19.0,98.0,62.0,72.0,13.0,41.0,500.0,,1829.0,178.0,4.0,19.0,20.0,,5.0
2015-01-15,,,26.0,18.0,207.0,91.0,13.0,,2.0,1.0,48.0,53.0,36.0,2.0,315.0,,21.0,98.0,62.0,72.0,13.0,62.0,500.0,,1869.0,178.0,4.0,22.0,20.0,,5.0
2015-01-16,,,26.0,19.0,207.0,91.0,13.0,,2.0,1.0,48.0,54.0,36.0,2.0,315.0,,21.0,98.0,62.0,72.0,13.0,62.0,500.0,,1871.0,178.0,4.0,22.0,20.0,,5.0
2015-01-17,,,26.0,20.0,208.0,91.0,13.0,,2.0,1.0,50.0,54.0,36.0,2.0,315.0,,21.0,98.0,62.0,72.0,13.0,62.0,500.0,,1875.0,178.0,4.0,22.0,20.0,,5.0
2015-01-18,,,26.0,20.0,208.0,91.0,13.0,,2.0,1.0,50.0,54.0,36.0,2.0,315.0,,21.0,98.0,62.0,72.0,13.0,62.0,500.0,,1876.0,179.0,4.0,22.0,20.0,,5.0
2015-01-19,,,26.0,21.0,208.0,91.0,13.0,,2.0,1.0,50.0,54.0,38.0,2.0,315.0,,21.0,98.0,62.0,72.0,13.0,62.0,500.0,,1879.0,179.0,4.0,22.0,20.0,,5.0
2015-01-20,,,27.0,21.0,208.0,91.0,13.0,,2.0,1.0,50.0,54.0,37.0,2.0,315.0,,21.0,98.0,63.0,72.0,13.0,62.0,500.0,,1880.0,179.0,4.0,22.0,20.0,,5.0
2015-01-21,,,27.0,21.0,208.0,92.0,13.0,,2.0,1.0,50.0,54.0,45.0,2.0,315.0,,21.0,98.0,63.0,72.0,13.0,62.0,500.0,,1890.0,180.0,4.0,22.0,20.0,,5.0
2015-01-22,,,27.0,21.0,209.0,92.0,13.0,,2.0,1.0,50.0,54.0,52.0,2.0,315.0,,21.0,98.0,63.0,74.0,13.0,63.0,500.0,3.0,1901.0,180.0,4.0,22.0,20.0,1.0,5.0
2015-01-23,,,27.0,21.0,209.0,92.0,13.0,,2.0,1.0,50.0,54.0,52.0,2.0,315.0,,21.0,98.0,63.0,73.0,13.0,63.0,500.0,1.0,1901.0,180.0,4.0,22.0,20.0,,5.0
2015-01-24,,,27.0,21.0,213.0,92.0,13.0,,2.0,1.0,50.0,54.0,52.0,2.0,315.0,,21.0,98.0,63.0,73.0,13.0,64.0,500.0,1.0,1906.0,180.0,4.0,22.0,20.0,,5.0
2015-01-25,,,27.0,21.0,215.0,92.0,13.0,,2.0,1.0,50.0,54.0,53.0,2.0,315.0,,21.0,98.0,63.0,73.0,13.0,64.0,501.0,1.0,1910.0,180.0,4.0,22.0,20.0,,5.0
2015-01-26,,,27.0,21.0,216.0,92.0,13.0,,2.0,1.0,50.0,54.0,53.0,2.0,315.0,,21.0,98.0,63.0,73.0,13.0,64.0,501.0,1.0,1911.0,180.0,4.0,22.0,20.0,,5.0
2015-01-27,,,27.0,21.0,218.0,92.0,13.0,,2.0,1.0,50.0,54.0,53.0,2.0,315.0,,21.0,98.0,63.0,73.0,13.0,64.0,501.0,1.0,1913.0,180.0,4.0,22.0,20.0,,5.0
2015-01-28,,,27.0,21.0,219.0,92.0,13.0,,2.0,1.0,50.0,55.0,60.0,2.0,315.0,,21.0,98.0,63.0,74.0,13.0,64.0,501.0,1.0,1923.0,180.0,4.0,22.0,20.0,,5.0
2015-01-29,,,27.0,22.0,220.0,92.0,13.0,,2.0,1.0,50.0,55.0,60.0,2.0,315.0,,21.0,98.0,63.0,74.0,13.0,65.0,501.0,1.0,1926.0,180.0,4.0,22.0,20.0,,5.0
2015-01-30,,,27.0,22.0,222.0,92.0,13.0,,2.0,1.0,50.0,55.0,61.0,2.0,315.0,,21.0,98.0,63.0,74.0,13.0,65.0,501.0,1.0,1929.0,180.0,4.0,22.0,20.0,,5.0
2015-01-31,,,27.0,22.0,223.0,92.0,13.0,,2.0,1.0,50.0,55.0,66.0,2.0,315.0,,21.0,98.0,63.0,74.0,13.0,66.0,501.0,1.0,1937.0,181.0,4.0,22.0,20.0,,5.0
2015-02-01,,,27.0,22.0,223.0,93.0,13.0,,2.0,1.0,50.0,55.0,72.0,2.0,315.0,,21.0,98.0,63.0,74.0,13.0,66.0,501.0,1.0,1944.0,181.0,4.0,22.0,20.0,,5.0
2015-02-02,,,27.0,22.0,224.0,93.0,13.0,,2.0,1.0,50.0,55.0,72.0,2.0,315.0,,21.0,98.0,63.0,74.0,13.0,68.0,501.0,1.0,1947.0,181.0,4.0,22.0,20.0,,5.0
2015-02-03,,,27.0,22.0,226.0,93.0,13.0,,2.0,1.0,51.0,55.0,75.0,2.0,315.0,,21.0,98.0,63.0,74.0,13.0,71.0,501.0,1.0,1957.0,181.0,4.0,23.0,20.0,,5.0
2015-02-04,,,27.0,22.0,227.0,92.0,13.0,,2.0,1.0,53.0,55.0,76.0,2.0,315.0,,21.0,98.0,64.0,75.0,13.0,73.0,501.0,2.0,1965.0,181.0,4.0,23.0,20.0,,5.0
2015-02-05,,,27.0,22.0,228.0,92.0,13.0,,2.0,1.0,54.0,55.0,81.0,2.0,315.0,,21.0,98.0,64.0,75.0,13.0,76.0,501.0,2.0,1975.0,181.0,4.0,23.0,20.0,,5.0
2015-02-06,,,27.0,22.0,228.0,92.0,13.0,,2.0,1.0,55.0,55.0,83.0,2.0,315.0,,21.0,98.0,64.0,75.0,13.0,79.0,501.0,2.0,1981.0,181.0,4.0,23.0,20.0,,5.0
2015-02-07,,,27.0,22.0,230.0,92.0,13.0,,2.0,1.0,56.0,55.0,87.0,2.0,315.0,,21.0,98.0,64.0,76.0,13.0,79.0,501.0,2.0,1990.0,181.0,4.0,23.0,20.0,1.0,5.0
2015-02-10,,,27.0,22.0,240.0,94.0,13.0,,2.0,1.0,59.0,55.0,102.0,2.0,315.0,,21.0,98.0,75.0,76.0,13.0,80.0,501.0,2.0,2032.0,181.0,4.0,23.0,20.0,1.0,5.0
2015-02-11,,,27.0,22.0,239.0,94.0,13.0,,2.0,1.0,59.0,55.0,104.0,2.0,315.0,,21.0,98.0,76.0,76.0,13.0,80.0,501.0,2.0,2034.0,181.0,4.0,23.0,20.0,1.0,5.0
2015-02-12,,,27.0,22.0,241.0,95.0,13.0,,2.0,1.0,61.0,55.0,106.0,2.0,315.0,,21.0,98.0,76.0,70.0,13.0,81.0,501.0,2.0,2042.0,181.0,4.0,23.0,20.0,1.0,5.0
2015-02-13,,,27.0,23.0,243.0,95.0,13.0,,2.0,1.0,61.0,55.0,107.0,2.0,315.0,,21.0,98.0,76.0,76.0,13.0,81.0,501.0,2.0,2046.0,181.0,4.0,23.0,20.0,1.0,5.0
2015-02-14,,,27.0,23.0,248.0,95.0,13.0,,2.0,1.0,61.0,55.0,108.0,2.0,315.0,,21.0,98.0,76.0,76.0,13.0,81.0,501.0,2.0,2052.0,181.0,4.0,23.0,20.0,1.0,5.0
2015-02-16,,,27.0,28.0,251.0,95.0,13.0,,2.0,1.0,62.0,55.0,111.0,2.0,315.0,,21.0,98.0,76.0,76.0,13.0,83.0,501.0,2.0,2066.0,181.0,4.0,23.0,20.0,1.0,5.0
2015-02-17,,,27.0,28.0,251.0,94.0,13.0,,2.0,1.0,64.0,55.0,111.0,2.0,315.0,,21.0,98.0,76.0,76.0,13.0,83.0,501.0,2.0,2067.0,181.0,4.0,23.0,20.0,1.0,5.0
2015-02-18,,,27.0,28.0,251.0,94.0,13.0,,2.0,1.0,64.0,55.0,116.0,2.0,315.0,,21.0,98.0,76.0,76.0,13.0,83.0,501.0,2.0,2072.0,181.0,4.0,23.0,20.0,1.0,5.0
2015-02-19,,,27.0,28.0,251.0,94.0,13.0,,2.0,1.0,64.0,55.0,120.0,2.0,315.0,,21.0,98.0,76.0,76.0,13.0,83.0,501.0,2.0,2076.0,181.0,4.0,23.0,20.0,1.0,5.0
2015-02-20,,,27.0,28.0,251.0,94.0,13.0,,2.0,1.0,65.0,55.0,122.0,2.0,315.0,,21.0,98.0,76.0,76.0,13.0,83.0,501.0,2.0,2079.0,181.0,4.0,23.0,20.0,1.0,5.0
2015-02-21,,,27.0,28.0,252.0,97.0,13.0,,2.0,1.0,65.0,55.0,124.0,2.0,315.0,,21.0,98.0,76.0,76.0,13.0,84.0,501.0,2.0,2086.0,181.0,4.0,23.0,20.0,1.0,5.0
2015-02-24,,,27.0,28.0,254.0,100.0,13.0,,2.0,1.0,67.0,55.0,130.0,2.0,315.0,,21.0,98.0,77.0,76.0,13.0,84.0,501.0,3.0,2101.0,181.0,4.0,23.0,20.0,1.0,5.0
2015-02-25,,,27.0,33.0,258.0,101.0,13.0,,2.0,1.0,67.0,55.0,132.0,2.0,315.0,,21.0,98.0,77.0,76.0,13.0,84.0,501.0,3.0,2113.0,181.0,4.0,23.0,20.0,1.0,5.0
2015-02-26,,,27.0,33.0,259.0,102.0,13.0,,2.0,1.0,67.0,55.0,136.0,2.0,315.0,,21.0,98.0,77.0,76.0,13.0,84.0,501.0,3.0,2119.0,181.0,4.0,23.0,20.0,1.0,5.0
2015-02-27,,,27.0,33.0,259.0,103.0,13.0,,2.0,1.0,67.0,55.0,137.0,2.0,315.0,,21.0,98.0,77.0,76.0,13.0,84.0,501.0,3.0,2121.0,181.0,4.0,23.0,20.0,1.0,5.0
2015-02-28,,,27.0,33.0,259.0,103.0,13.0,,2.0,1.0,67.0,55.0,143.0,2.0,315.0,,21.0,98.0,77.0,76.0,13.0,84.0,501.0,3.0,2127.0,181.0,4.0,23.0,20.0,1.0,5.0
2015-03-01,,,27.0,34.0,260.0,103.0,13.0,,2.0,1.0,67.0,55.0,143.0,2.0,315.0,,21.0,98.0,77.0,76.0,13.0,84.0,501.0,3.0,2129.0,181.0,4.0,23.0,20.0,1.0,5.0
2015-03-02,,,27.0,34.0,263.0,103.0,13.0,,2.0,1.0,68.0,55.0,147.0,2.0,315.0,,21.0,98.0,77.0,76.0,13.0,84.0,501.0,3.0,2137.0,181.0,4.0,23.0,20.0,1.0,5.0
2015-03-03,,,27.0,34.0,263.0,103.0,13.0,,2.0,1.0,69.0,55.0,150.0,2.0,315.0,,21.0,98.0,77.0,76.0,13.0,84.0,501.0,3.0,2141.0,181.0,4.0,23.0,20.0,1.0,5.0
2015-03-04,,,27.0,35.0,264.0,103.0,13.0,,2.0,1.0,69.0,55.0,153.0,2.0,315.0,,21.0,98.0,77.0,76.0,13.0,84.0,502.0,3.0,2147.0,181.0,4.0,23.0,20.0,1.0,5.0
2015-03-05,,,27.0,35.0,265.0,103.0,13.0,,2.0,1.0,70.0,55.0,155.0,2.0,315.0,,21.0,98.0,77.0,76.0,13.0,84.0,502.0,3.0,2151.0,181.0,4.0,23.0,20.0,1.0,5.0
2015-03-06,,,27.0,36.0,265.0,104.0,13.0,,2.0,1.0,70.0,55.0,159.0,2.0,315.0,,21.0,98.0,77.0,76.0,13.0,84.0,502.0,3.0,2157.0,181.0,4.0,23.0,20.0,1.0,5.0
